{
  "loss": 0.6229458483060201,
  "iou": 0.3425592092672984,
  "precision": 0.8725853355725607,
  "recall": 0.3622146979967753,
  "f1": 0.5007313704490661,
  "mae": 0.19345124383767445,
  "threshold": 0.94
}