loss,iou,precision,recall,f1,mae,threshold
0.6229458483060201,0.3425592092672984,0.8725853355725607,0.3622146979967753,0.5007313704490661,0.19345124383767445,0.94
