{
  "loss": 0.5159443759918213,
  "iou": 0.5955613936980565,
  "precision": 0.6948887401819229,
  "recall": 0.8203479592005412,
  "f1": 0.7394105573495229,
  "mae": 0.13951545317967734,
  "threshold": 0.4
}