loss,iou,precision,recall,f1,mae,threshold
0.5159443759918213,0.5955613936980565,0.6948887401819229,0.8203479592005412,0.7394105573495229,0.13951545317967734,0.4
