{
  "loss": 0.5159443759918213,
  "iou": 0.4557367440064748,
  "precision": 0.871081620057424,
  "recall": 0.4902460523446401,
  "f1": 0.6147394255797068,
  "mae": 0.13951545317967734,
  "threshold": 0.91
}