loss,iou,precision,recall,f1,mae,threshold
0.5159443759918213,0.4557367440064748,0.871081620057424,0.4902460523446401,0.6147394255797068,0.13951545317967734,0.91
