{
  "loss": 0.6229458483060201,
  "iou": 0.5363955873250962,
  "precision": 0.6477849892775218,
  "recall": 0.7711225692431132,
  "f1": 0.691545338233312,
  "mae": 0.19345124383767445,
  "threshold": 0.55
}