loss,iou,precision,recall,f1,mae,threshold
0.6229458483060201,0.5363955873250962,0.6477849892775218,0.7711225692431132,0.691545338233312,0.19345124383767445,0.55
